<?xml version="1.0"?>
<doc>
    <assembly>
        <name>WizardWrx.ConsoleAppAids</name>
    </assembly>
    <members>
        <member name="M:WizardWrx.ConsoleAppAids.DisplayAids.WaitForCarbonUnit">
            <summary>
            Display a message, and wait until an operator presses the ENTER
            (Return) key.
            </summary>
            <remarks>
            This simple overload, which actually came into being second,
            displays a default prompt, "Please press the ENTER (Return) key to
            exit the program."
            
            The intent of this routine is to ensure that a report or important
            message is actually read by a human.
            
            Consequently, this routine is very picky about the responses it
            accepts; only the ENTER key is accepted. To prevent the prompt being
            scrolled off the screen, all input is eaten (not echoed).
            </remarks>
        </member>
        <member name="M:WizardWrx.ConsoleAppAids.DisplayAids.WaitForCarbonUnit(System.String)">
            <summary>
            Display a message, and wait until an operator presses the ENTER
            (Return) key.
            </summary>
            <param name="pstrPrompt">
            This string specifies an alternative message to display. If this is
            an empty string or null reference, a default message, "Please press
            the ENTER (Return) key to exit the program." is shown.
            
            If you want the default message, there is a new overload, which has
            no arguments, that does so, by calling this method, internally, with
            a null reference. Having one routine that does the work simplifies
            changing the behavior of both overloads, should the need arise.
            </param>
            <remarks>
            The intent of this routine is to ensure that a report or important
            message is actually read by a human.
            
            Consequently, this routine is very picky about the responses it
            accepts; only the ENTER key is accepted. To prevent the prompt being
            scrolled off the screen, all input is eaten (not echoed).
            </remarks>
        </member>
        <member name="T:WizardWrx.ConsoleAppAids.ExceptionReporting">
            <summary>
            This static class exposes methods for formatting data from instances of
            the System.Exception class, and commonly used derived classes, and
            displaying the formatted data on a console (strictly speaking, on 
            STDOUT, which can be redirected to a file). 
            
            All methods of this class are thread-safe. See Remarks.
            
            Since this class consists entirely of static methods and associated
            string constants, it is marked Static, which implises sealed.
            
            All methods are thread safe, and instance methods are forbidden.
            </summary>
            <remarks>
            This class was developed to report exceptions in a multithreaded console
            application. Its methods were designed to report messages in a manner
            that is thread-safe, yet keeps each message intact.
            
            Both objectives are achieved fairly easily.
            
            1) All methods use only local variables. The only class level static
            data is a handful of constants, which are, by definition, read only.
            This satisfies the first condition of thread safety, because all data is
            local to each method.
            
            2) Each message is built up, line by line, by appending to an instance 
            of a StringBuilder class, using its AppendFormat method, which behaves
            like the static Format method of the System.String class. Although the
            AppendFormat method is an instance method, since the associated instance
            is local, thread safety remains intact. See Reference 1.
            
            2) A single call to TextWriter.Synchronized ( Console.Out ).WriteLine
            writes the message, all at once, onto the console, preserving its
            integrity. Since the only event that uses a shared resource is called
            once only, and that call is syncrhonized, the message display is intact.
            
            Each method uses the shared resource, access to the console stream, once
            only, and does so in a synchronized (thread-safe) way, the entire method
            is thread-safe.
            </remarks>
        </member>
        <member name="M:WizardWrx.ConsoleAppAids.ExceptionReporting.ReportException(System.Exception,System.String)">
            <summary>
            Format and report the properties of a generic Exception on a console
            in a thread-safe manner.
            </summary>
            <param name="perrAny">
            The instance of the base Exception class to process. See Remarks.
            </param>
            <param name="pstrCurrMethodName">
            This should be the name of the method in which the error is caught
            and reported. See Remarks.
            </param>
            <returns>
            The message that was displayed on the console is returned for use as
            the text of a separately generated Windows event log record.
            </returns>
            <remarks>
            This can be ANY exception type, although the intent is to limit its
            use to reporting exceptions thrown by the base class,
            System.Exception.
            
            Other overloads exist for reporting exceptions thrown by types
            derived from System.Exception.
            
            The TargetSite property, exposed by descendents of System.Exception,
            is the name of the method in which the exception was thrown.
            </remarks>
        </member>
        <member name="M:WizardWrx.ConsoleAppAids.ExceptionReporting.ReportException(System.ArgumentException,System.String)">
            <summary>
            Format and report the properties of an ArgumentException exception on
            a console in a thread-safe manner.
            </summary>
            <param name="perrBadArg">
            The instance of the ArgumentException exception to process. See
            Remarks.
            </param>
            <param name="pstrCurrMethodName">
            This should be the name of the method in which the error is caught
            and reported. See Remarks.
            </param>
            <returns>
            The message that was displayed on the console is returned for use as
            the text of a separately generated Windows event log record.
            </returns>
            <remarks>
            Although this method can process objects of ANY class which derives
            from ArgumentException, other methods of this class specialize in
            processing objects of the commonly used ArgumentOutOfRangeException
            and ArgumentNullException derived classes.
            
            The TargetSite property, exposed by descendents of System.Exception,
            is the name of the method in which the exception was thrown.
            </remarks>
        </member>
        <member name="M:WizardWrx.ConsoleAppAids.ExceptionReporting.ReportException(System.ArgumentOutOfRangeException,System.String)">
            <summary>
            Format and report the properties of an ArgumentOutOfRangeException
            exception on a console in a thread-safe manner.
            </summary>
            <param name="perrBadArg">
            The instance of the ArgumentOutOfRangeException class to process.
            </param>
            <param name="pstrCurrMethodName">
            This should be the name of the method in which the error is caught
            and reported. See Remarks.
            </param>
            <returns>
            The message that was displayed on the console is returned for use as
            the text of a separately generated Windows event log record.
            </returns>
            <remarks>
            The TargetSite property, exposed by descendents of System.Exception,
            is the name of the method in which the exception was thrown.
            </remarks>
        </member>
        <member name="M:WizardWrx.ConsoleAppAids.ExceptionReporting.ReportException(System.ArgumentNullException,System.String)">
            <summary>
            Format and report the properties of an ArgumentNullException
            exception on a console in a thread-safe manner. See Remarks.
            </summary>
            <param name="perrNullArg">
            The instance of an ArgumentNullException exception to process.
            </param>
            <param name="pstrCurrMethodName">
            This should be the name of the method in which the error is caught
            and reported. See Remarks.
            </param>
            <returns>
            The message that was displayed on the console is returned for use as
            the text of a separately generated Windows event log record.
            </returns>
            <remarks>
            The TargetSite property, exposed by descendents of System.Exception,
            is the name of the method in which the exception was thrown.
            </remarks>
        </member>
        <member name="M:WizardWrx.ConsoleAppAids.ExceptionReporting.ReportException(System.ObjectDisposedException,System.String)">
            <summary>
            Format and report the properties of an ObjectDisposedException
            exception on a console in a thread-safe manner. See Remarks.
            </summary>
            <param name="perrDisposed">
            The instance of the ObjectDisposedException Exception class to
            process.
            </param>
            <param name="pstrCurrMethodName">
            This should be the name of the method in which the error is caught
            and reported. See Remarks.
            </param>
            <returns>
            The message that was displayed on the console is returned for use as
            the text of a separately generated Windows event log record.
            </returns>
            <remarks>
            Any process that throws an ObjectDisposedException exception is in
            serious trouble, and deserves to crash, and be investigated, because
            this type of exception is almost invariably caused by a programming
            logic error.
            
            The TargetSite property, exposed by descendents of System.Exception,
            is the name of the method in which the exception was thrown.
            </remarks>
        </member>
        <member name="M:WizardWrx.ConsoleAppAids.ExceptionReporting.ReportException(System.IO.IOException,System.String,System.String)">
            <summary>
            Format and report the properties of an IOException exception on a
            console in a thread-safe manner.
            </summary>
            <param name="perrIOError">
            The instance of the IOException class to process. See Remarks.
            </param>
            <param name="pstrCurrMethodName">
            This should be the name of the method in which the error is caught
            and reported. See Remarks.
            </param>
            <param name="pstrFileName">
            This is the name of the file which was being processed. There should
            be a corresponding property on the IOException, I have yet to find
            it.
            </param>
            <returns>
            The message that was displayed on the console is returned for use as
            the text of a separately generated Windows event log record.
            </returns>
            <remarks>
            This routine processes ANY exception of the IOException class and
            its derivatives. Methods for parsing published derived classes are
            somewhere on my ToDo list.
            
            The TargetSite property, exposed by descendents of System.Exception,
            is the name of the method in which the exception was thrown.
            </remarks>
        </member>
        <member name="M:WizardWrx.ConsoleAppAids.ExceptionReporting.ReportException(System.FormatException,System.String,System.String)">
            <summary>
            Format and report the properties of an FormatException exception on
            a console in a thread-safe manner.
            </summary>
            <param name="perrrBadFormat">
            The instance of the FormatException class to process.
            </param>
            <param name="pstrCurrMethodName">
            This should be the name of the method in which the error is caught
            and reported. See Remarks.
            </param>
            <param name="pstrFormatString">
            This should be the format string which caused the exception. There
            should be a way to feed this to the exception, or recover it, but I
            have yet to find it.
            </param>
            <returns>
            The message that was displayed on the console is returned for use as
            the text of a separately generated Windows event log record.
            </returns>
            <remarks>
            The TargetSite property, exposed by descendents of System.Exception,
            is the name of the method in which the exception was thrown.
            </remarks>
        </member>
        <member name="M:WizardWrx.ConsoleAppAids.ExceptionReporting.AddCommonElements(System.Text.StringBuilder,System.Exception,WizardWrx.ConsoleAppAids.ExceptionReporting.StackTraceDisposition)">
            <summary>
            Add the Source, TargetSite, and StackTrace properties to the
            exception report. See Remarks.
            </summary>
            <param name="psbMsg">
            Append the report items to this StringBuilder.
            </param>
            <param name="perrAnyKind">
            This is an instance of the System.Exception class, or one of its
            derivatives. See Remarks.
            </param>
            <param name="penmStackTraceDisposition">
            Pass in a member of the StackTraceDisposition enumeration to include
            or omit (suppress) the stack trace from the report.
            </param>
            <remarks>
            This method is called recursively to process inner exceptions.
            
            By default, all exceptions which derive from System.Exception expose
            these three properties, and any of them can be cast to this type.
            
            The TargetSite string contains the name of the method that threw the
            exception.
            
            The Source string contains the name of the class to which the method
            named in the TargetSite string belongs.
            </remarks>
        </member>
        <member name="M:WizardWrx.ConsoleAppAids.ExceptionReporting.ReformatExceptionMessage(System.String)">
            <summary>
            This internal method beautifies the format of invalid argument
            exception reports.
            </summary>
            <param name="pstrMsg">
            Argument string to beautify by inserting leading white between
            embedded newlines.
            </param>
            <returns>
            Beautified string, suitable for presentation on a console.
            </returns>
        </member>
        <member name="T:WizardWrx.ConsoleAppAids.ExceptionReporting.StackTraceDisposition">
            <summary>
            Use this enumeration to specify whether to include or omit the
            StackTrace from the report. See Remarks.
            </summary>
            <remarks>
            The penmStackTraceDisposition is specified in terms of this
            enumeration.
            </remarks>
        </member>
        <member name="F:WizardWrx.ConsoleAppAids.ExceptionReporting.StackTraceDisposition.Include">
            <summary>
            Include the StackTrace.
            </summary>
        </member>
        <member name="F:WizardWrx.ConsoleAppAids.ExceptionReporting.StackTraceDisposition.Omit">
            <summary>
            Ompit (suppress) the StackTrace.
            </summary>
        </member>
    </members>
</doc>
